"quantity","value"
"slope_s",0.0002715531707280023
"slope_s_SE",
"mp_over_me",1841.2600326468603
"mp_over_me_SE",
"RMS_residual_all_points",0.02685122971145814
"RSS",0.07642478492385421
