"observed_mu_nm","true_vacuum_wavelength_nm"
365.6604781120501,365.588
405.21903032015973,404.77
546.7083791504558,546.226
