"observed_mu_nm","true_minus_fit_nm"
365.6604781120501,0.13523358981512956
405.21903032015973,-0.17304311446906695
546.7083791504558,0.03780952465410792
