"quantity","value"
"slope_zero_intercept",0.00029063779038178514
"mp_over_me",1720.3543948747829
